"","","","","","","","","","","","","","","","","","","","","","","","","","","","","","","","","","","","","","","","","","","","","","","",""
NA,NA,NA,NA,NA,NA,NA,NA,NA,NA,NA,NA,NA,NA,NA,NA,NA,NA,NA,NA,NA,NA,NA,NA,NA,NA,NA,NA,NA,NA,NA,NA,NA,NA,NA,NA,NA,NA,NA,NA,NA,NA,NA,NA,NA,NA,NA,NA
NA,NA,NA,NA,NA,NA,NA,NA,NA,NA,NA,NA,NA,NA,NA,NA,NA,NA,NA,NA,NA,NA,NA,NA,NA,NA,NA,NA,NA,NA,NA,NA,NA,NA,NA,NA,NA,NA,NA,NA,NA,NA,NA,NA,NA,NA,NA,NA
NA,NA,NA,NA,NA,NA,NA,NA,NA,NA,NA,NA,NA,NA,NA,NA,NA,NA,NA,NA,NA,NA,NA,NA,NA,NA,NA,NA,NA,NA,NA,NA,NA,NA,NA,NA,NA,NA,NA,NA,NA,NA,NA,NA,NA,NA,NA,NA
NA,NA,NA,NA,NA,NA,NA,NA,NA,NA,NA,NA,NA,NA,NA,NA,NA,NA,NA,NA,NA,NA,NA,NA,NA,NA,NA,NA,NA,NA,NA,NA,NA,NA,NA,NA,NA,NA,NA,NA,NA,NA,NA,NA,NA,NA,NA,NA
NA,NA,NA,NA,NA,NA,NA,NA,NA,NA,NA,NA,NA,NA,NA,NA,NA,NA,NA,NA,NA,NA,NA,NA,NA,NA,NA,NA,NA,NA,NA,NA,NA,NA,NA,NA,NA,NA,NA,NA,NA,NA,NA,NA,NA,NA,NA,NA
NA,NA,NA,NA,NA,NA,NA,NA,NA,NA,NA,NA,NA,NA,NA,NA,NA,NA,NA,NA,NA,NA,NA,NA,NA,NA,NA,NA,NA,NA,NA,NA,NA,NA,NA,NA,NA,NA,NA,NA,NA,NA,NA,NA,NA,NA,NA,NA
NA,NA,NA,NA,NA,NA,NA,NA,NA,NA,NA,NA,NA,NA,NA,NA,NA,NA,NA,NA,NA,NA,NA,NA,NA,NA,NA,NA,NA,NA,NA,NA,NA,NA,NA,NA,NA,NA,NA,NA,NA,NA,NA,NA,NA,NA,NA,NA
NA,NA,NA,NA,NA,NA,NA,NA,NA,NA,NA,NA,NA,NA,NA,NA,NA,NA,NA,NA,NA,NA,NA,NA,NA,NA,NA,NA,NA,NA,NA,NA,NA,NA,NA,NA,NA,NA,NA,NA,NA,NA,NA,NA,NA,NA,NA,NA
NA,NA,NA,NA,NA,NA,NA,NA,NA,NA,NA,NA,NA,NA,NA,NA,NA,NA,NA,NA,NA,NA,NA,NA,NA,NA,NA,NA,NA,NA,NA,NA,NA,NA,NA,NA,NA,NA,NA,NA,NA,NA,NA,NA,NA,NA,NA,NA
NA,NA,NA,NA,NA,NA,NA,NA,NA,NA,NA,NA,NA,NA,NA,NA,NA,NA,NA,NA,NA,NA,NA,NA,NA,NA,NA,NA,NA,NA,NA,NA,NA,NA,NA,NA,NA,NA,NA,NA,NA,NA,NA,NA,NA,NA,NA,NA
NA,NA,NA,NA,NA,NA,NA,NA,NA,NA,NA,NA,NA,NA,NA,NA,NA,NA,NA,NA,NA,NA,NA,NA,NA,NA,NA,NA,NA,NA,NA,NA,NA,NA,NA,NA,NA,NA,NA,NA,NA,NA,NA,NA,NA,NA,NA,NA
NA,NA,NA,NA,NA,NA,NA,NA,NA,NA,NA,NA,NA,NA,NA,NA,NA,NA,NA,NA,NA,NA,NA,NA,NA,NA,NA,NA,NA,NA,NA,NA,NA,NA,NA,NA,NA,NA,NA,NA,NA,NA,NA,NA,NA,NA,NA,NA
NA,NA,NA,NA,NA,NA,NA,NA,NA,NA,NA,NA,NA,NA,NA,NA,NA,NA,NA,NA,NA,NA,NA,NA,NA,NA,NA,NA,NA,NA,NA,NA,NA,NA,NA,NA,NA,NA,NA,NA,NA,NA,NA,NA,NA,NA,NA,NA
NA,NA,NA,NA,NA,NA,NA,NA,NA,NA,NA,NA,NA,NA,NA,NA,NA,NA,NA,NA,NA,NA,NA,NA,NA,NA,NA,NA,NA,NA,NA,NA,NA,NA,NA,NA,NA,NA,NA,NA,NA,NA,NA,NA,NA,NA,NA,NA
NA,NA,NA,NA,NA,NA,NA,NA,NA,NA,NA,NA,NA,NA,NA,NA,NA,NA,NA,NA,NA,NA,NA,NA,NA,NA,NA,NA,NA,NA,NA,NA,NA,NA,NA,NA,NA,NA,NA,NA,NA,NA,NA,NA,NA,NA,NA,NA
NA,NA,NA,NA,NA,NA,NA,NA,NA,NA,NA,NA,NA,NA,NA,NA,NA,NA,NA,NA,NA,NA,NA,NA,NA,NA,NA,NA,NA,NA,NA,NA,NA,NA,NA,NA,NA,NA,NA,NA,NA,NA,NA,NA,NA,NA,NA,NA
NA,NA,NA,NA,NA,NA,NA,NA,NA,NA,NA,NA,NA,NA,NA,NA,NA,NA,NA,NA,NA,NA,NA,NA,NA,NA,NA,NA,NA,NA,NA,NA,NA,NA,NA,NA,NA,NA,NA,NA,NA,NA,NA,NA,NA,NA,NA,NA
NA,NA,NA,NA,NA,NA,NA,NA,NA,NA,NA,NA,NA,NA,NA,NA,NA,NA,NA,NA,NA,NA,NA,NA,NA,NA,NA,NA,NA,NA,NA,NA,NA,NA,NA,NA,NA,NA,NA,NA,NA,NA,NA,NA,NA,NA,NA,NA
NA,NA,NA,NA,NA,NA,NA,NA,NA,NA,NA,NA,NA,NA,NA,NA,NA,NA,NA,NA,NA,NA,NA,NA,NA,NA,NA,NA,NA,NA,NA,NA,NA,NA,NA,NA,NA,NA,NA,NA,NA,NA,NA,NA,NA,NA,NA,NA
NA,NA,NA,NA,NA,NA,NA,NA,NA,NA,NA,NA,NA,NA,NA,NA,NA,NA,NA,NA,NA,NA,NA,NA,NA,NA,NA,NA,NA,NA,NA,NA,NA,NA,NA,NA,NA,NA,NA,NA,NA,NA,NA,NA,NA,NA,NA,NA
NA,NA,NA,NA,NA,NA,NA,NA,NA,NA,NA,NA,NA,NA,NA,NA,NA,NA,NA,NA,NA,NA,NA,NA,NA,NA,NA,NA,NA,NA,NA,NA,NA,NA,NA,NA,NA,NA,NA,NA,NA,NA,NA,NA,NA,NA,NA,NA
NA,NA,NA,NA,NA,NA,NA,NA,NA,NA,NA,NA,NA,NA,NA,NA,NA,NA,NA,NA,NA,NA,NA,NA,NA,NA,NA,NA,NA,NA,NA,NA,NA,NA,NA,NA,NA,NA,NA,NA,NA,NA,NA,NA,NA,NA,NA,NA
NA,NA,NA,NA,NA,NA,NA,NA,NA,NA,NA,NA,NA,NA,NA,NA,NA,NA,NA,NA,NA,NA,NA,NA,NA,NA,NA,NA,NA,NA,NA,NA,NA,NA,NA,NA,NA,NA,NA,NA,NA,NA,NA,NA,NA,NA,NA,NA
NA,NA,NA,NA,NA,NA,NA,NA,NA,NA,NA,NA,NA,NA,NA,NA,NA,NA,NA,NA,NA,NA,NA,NA,NA,NA,NA,NA,NA,NA,NA,NA,NA,NA,NA,NA,NA,NA,NA,NA,NA,NA,NA,NA,NA,NA,NA,NA
NA,NA,NA,NA,NA,NA,NA,NA,NA,NA,NA,NA,NA,NA,NA,NA,NA,NA,NA,NA,NA,NA,NA,NA,NA,NA,NA,NA,NA,NA,NA,NA,NA,NA,NA,NA,NA,NA,NA,NA,NA,NA,NA,NA,NA,NA,NA,NA
NA,NA,NA,NA,NA,NA,NA,NA,NA,NA,NA,NA,NA,NA,NA,NA,NA,NA,NA,NA,NA,NA,NA,NA,NA,NA,NA,NA,NA,NA,NA,NA,NA,NA,NA,NA,NA,NA,NA,NA,NA,NA,NA,NA,NA,NA,NA,NA
NA,NA,NA,NA,NA,NA,NA,NA,NA,NA,NA,NA,NA,NA,NA,NA,NA,NA,NA,NA,NA,NA,NA,NA,NA,NA,NA,NA,NA,NA,NA,NA,NA,NA,NA,NA,NA,NA,NA,NA,NA,NA,NA,NA,NA,NA,NA,NA
NA,NA,NA,NA,NA,NA,NA,NA,NA,NA,NA,NA,NA,NA,NA,NA,NA,NA,NA,NA,NA,NA,NA,NA,NA,NA,NA,NA,NA,NA,NA,NA,NA,NA,NA,NA,NA,NA,NA,NA,NA,NA,NA,NA,NA,NA,NA,NA
NA,NA,NA,NA,NA,NA,NA,NA,NA,NA,NA,NA,NA,NA,NA,NA,NA,NA,NA,NA,NA,NA,NA,NA,NA,NA,NA,NA,NA,NA,NA,NA,NA,NA,NA,NA,NA,NA,NA,NA,NA,NA,NA,NA,NA,NA,NA,NA
NA,NA,NA,NA,NA,NA,NA,NA,NA,NA,NA,NA,NA,NA,NA,NA,NA,NA,NA,NA,NA,NA,NA,NA,NA,NA,NA,NA,NA,NA,NA,NA,NA,NA,NA,NA,NA,NA,NA,NA,NA,NA,NA,NA,NA,NA,NA,NA
NA,NA,NA,NA,NA,NA,NA,NA,NA,NA,NA,NA,NA,NA,NA,NA,NA,NA,NA,NA,NA,NA,NA,NA,NA,NA,NA,NA,NA,NA,NA,NA,NA,NA,NA,NA,NA,NA,NA,NA,NA,NA,NA,NA,NA,NA,NA,NA
NA,NA,NA,NA,NA,NA,NA,NA,NA,NA,NA,NA,NA,NA,NA,NA,NA,NA,NA,NA,NA,NA,NA,NA,NA,NA,NA,NA,NA,NA,NA,NA,NA,NA,NA,NA,NA,NA,NA,NA,NA,NA,NA,NA,NA,NA,NA,NA
NA,NA,NA,NA,NA,NA,NA,NA,NA,NA,NA,NA,NA,NA,NA,NA,NA,NA,NA,NA,NA,NA,NA,NA,NA,NA,NA,NA,NA,NA,NA,NA,NA,NA,NA,NA,NA,NA,NA,NA,NA,NA,NA,NA,NA,NA,NA,NA
NA,NA,NA,NA,NA,NA,NA,NA,NA,NA,NA,NA,NA,NA,NA,NA,NA,NA,NA,NA,NA,NA,NA,NA,NA,NA,NA,NA,NA,NA,NA,NA,NA,NA,NA,NA,NA,NA,NA,NA,NA,NA,NA,NA,NA,NA,NA,NA
NA,NA,NA,NA,NA,NA,NA,NA,NA,NA,NA,NA,NA,NA,NA,NA,NA,NA,NA,NA,NA,NA,NA,NA,NA,NA,NA,NA,NA,NA,NA,NA,NA,NA,NA,NA,NA,NA,NA,NA,NA,NA,NA,NA,NA,NA,NA,NA
NA,NA,NA,NA,NA,NA,NA,NA,NA,NA,NA,NA,NA,NA,NA,NA,NA,NA,NA,NA,NA,NA,NA,NA,NA,NA,NA,NA,NA,NA,NA,NA,NA,NA,NA,NA,NA,NA,NA,NA,NA,NA,NA,NA,NA,NA,NA,NA
NA,NA,NA,NA,NA,NA,NA,NA,NA,NA,NA,NA,NA,NA,NA,NA,NA,NA,NA,NA,NA,NA,NA,NA,NA,NA,NA,NA,NA,NA,NA,NA,NA,NA,NA,NA,NA,NA,NA,NA,NA,NA,NA,NA,NA,NA,NA,NA
NA,NA,NA,NA,NA,NA,NA,NA,NA,NA,NA,NA,NA,NA,NA,NA,NA,NA,NA,NA,NA,NA,NA,NA,NA,NA,NA,NA,NA,NA,NA,NA,NA,NA,NA,NA,NA,NA,NA,NA,NA,NA,NA,NA,NA,NA,NA,NA
NA,NA,NA,NA,NA,NA,NA,NA,NA,NA,NA,NA,NA,NA,NA,NA,NA,NA,NA,NA,NA,NA,NA,NA,NA,NA,NA,NA,NA,NA,NA,NA,NA,NA,NA,NA,NA,NA,NA,NA,NA,NA,NA,NA,NA,NA,NA,NA
NA,NA,NA,NA,NA,NA,NA,NA,NA,NA,NA,NA,NA,NA,NA,NA,NA,NA,NA,NA,NA,NA,NA,NA,NA,NA,NA,NA,NA,NA,NA,NA,NA,NA,NA,NA,NA,NA,NA,NA,NA,NA,NA,NA,NA,NA,NA,NA
NA,NA,NA,NA,NA,NA,NA,NA,NA,NA,NA,NA,NA,NA,NA,NA,NA,NA,NA,NA,NA,NA,NA,NA,NA,NA,NA,NA,NA,NA,NA,NA,NA,NA,NA,NA,NA,NA,NA,NA,NA,NA,NA,NA,NA,NA,NA,NA
NA,NA,NA,NA,NA,NA,NA,NA,NA,NA,NA,NA,NA,NA,NA,NA,NA,NA,NA,NA,NA,NA,NA,NA,NA,NA,NA,NA,NA,NA,NA,NA,NA,NA,NA,NA,NA,NA,NA,NA,NA,NA,NA,NA,NA,NA,NA,NA
NA,NA,NA,NA,NA,NA,NA,NA,NA,NA,NA,NA,NA,NA,NA,NA,NA,NA,NA,NA,NA,NA,NA,NA,NA,NA,NA,NA,NA,NA,NA,NA,NA,NA,NA,NA,NA,NA,NA,NA,NA,NA,NA,NA,NA,NA,NA,NA
NA,NA,NA,NA,NA,NA,NA,NA,NA,NA,NA,NA,NA,NA,NA,NA,NA,NA,NA,NA,NA,NA,NA,NA,NA,NA,NA,NA,NA,NA,NA,NA,NA,NA,NA,NA,NA,NA,NA,NA,NA,NA,NA,NA,NA,NA,NA,NA
NA,NA,NA,NA,NA,NA,NA,NA,NA,NA,NA,NA,NA,NA,NA,NA,NA,NA,NA,NA,NA,NA,NA,NA,NA,NA,NA,NA,NA,NA,NA,NA,NA,NA,NA,NA,NA,NA,NA,NA,NA,NA,NA,NA,NA,NA,NA,NA
NA,NA,NA,NA,NA,NA,NA,NA,NA,NA,NA,NA,NA,NA,NA,NA,NA,NA,NA,NA,NA,NA,NA,NA,NA,NA,NA,NA,NA,NA,NA,NA,NA,NA,NA,NA,NA,NA,NA,NA,NA,NA,NA,NA,NA,NA,NA,NA
NA,NA,NA,NA,NA,NA,NA,NA,NA,NA,NA,NA,NA,NA,NA,NA,NA,NA,NA,NA,NA,NA,NA,NA,NA,NA,NA,NA,NA,NA,NA,NA,NA,NA,NA,NA,NA,NA,NA,NA,NA,NA,NA,NA,NA,NA,NA,NA
NA,NA,NA,NA,NA,NA,NA,NA,NA,NA,NA,NA,NA,NA,NA,NA,NA,NA,NA,NA,NA,NA,NA,NA,NA,NA,NA,NA,NA,NA,NA,NA,NA,NA,NA,NA,NA,NA,NA,NA,NA,NA,NA,NA,NA,NA,NA,NA
NA,NA,NA,NA,NA,NA,NA,NA,NA,NA,NA,NA,NA,NA,NA,NA,NA,NA,NA,NA,NA,NA,NA,NA,NA,NA,NA,NA,NA,NA,NA,NA,NA,NA,NA,NA,NA,NA,NA,NA,NA,NA,NA,NA,NA,NA,NA,NA
NA,NA,NA,NA,NA,NA,NA,NA,NA,NA,NA,NA,NA,NA,NA,NA,NA,NA,NA,NA,NA,NA,NA,NA,NA,NA,NA,NA,NA,NA,NA,NA,NA,NA,NA,NA,NA,NA,NA,NA,NA,NA,NA,NA,NA,NA,NA,NA
NA,NA,NA,NA,NA,NA,NA,NA,NA,NA,NA,NA,NA,NA,NA,NA,NA,NA,NA,NA,NA,NA,NA,NA,NA,NA,NA,NA,NA,NA,NA,NA,NA,NA,NA,NA,NA,NA,NA,NA,NA,NA,NA,NA,NA,NA,NA,NA
NA,NA,NA,NA,NA,NA,NA,NA,NA,NA,NA,NA,NA,NA,NA,NA,NA,NA,NA,NA,NA,NA,NA,NA,NA,NA,NA,NA,NA,NA,NA,NA,NA,NA,NA,NA,NA,NA,NA,NA,NA,NA,NA,NA,NA,NA,NA,NA
NA,NA,NA,NA,NA,NA,NA,NA,NA,NA,NA,NA,NA,NA,NA,NA,NA,NA,NA,NA,NA,NA,NA,NA,NA,NA,NA,NA,NA,NA,NA,NA,NA,NA,NA,NA,NA,NA,NA,NA,NA,NA,NA,NA,NA,NA,NA,NA
NA,NA,NA,NA,NA,NA,NA,NA,NA,NA,NA,NA,NA,NA,NA,NA,NA,NA,NA,NA,NA,NA,NA,NA,NA,NA,NA,NA,NA,NA,NA,NA,NA,NA,NA,NA,NA,NA,NA,NA,NA,NA,NA,NA,NA,NA,NA,NA
NA,NA,NA,NA,NA,NA,NA,NA,NA,NA,NA,NA,NA,NA,NA,NA,NA,NA,NA,NA,NA,NA,NA,NA,NA,NA,NA,NA,NA,NA,NA,NA,NA,NA,NA,NA,NA,NA,NA,NA,NA,NA,NA,NA,NA,NA,NA,NA
NA,NA,NA,NA,NA,NA,NA,NA,NA,NA,NA,NA,NA,NA,NA,NA,NA,NA,NA,NA,NA,NA,NA,NA,NA,NA,NA,NA,NA,NA,NA,NA,NA,NA,NA,NA,NA,NA,NA,NA,NA,NA,NA,NA,NA,NA,NA,NA
NA,NA,NA,NA,NA,NA,NA,NA,NA,NA,NA,NA,NA,NA,NA,NA,NA,NA,NA,NA,NA,NA,NA,NA,NA,NA,NA,NA,NA,NA,NA,NA,NA,NA,NA,NA,NA,NA,NA,NA,NA,NA,NA,NA,NA,NA,NA,NA
NA,NA,NA,NA,NA,NA,NA,NA,NA,NA,NA,NA,NA,NA,NA,NA,NA,NA,NA,NA,NA,NA,NA,NA,NA,NA,NA,NA,NA,NA,NA,NA,NA,NA,NA,NA,NA,NA,NA,NA,NA,NA,NA,NA,NA,NA,NA,NA
NA,NA,NA,NA,NA,NA,NA,NA,NA,NA,NA,NA,NA,NA,NA,NA,NA,NA,NA,NA,NA,NA,NA,NA,NA,NA,NA,NA,NA,NA,NA,NA,NA,NA,NA,NA,NA,NA,NA,NA,NA,NA,NA,NA,NA,NA,NA,NA
NA,NA,NA,NA,NA,NA,NA,NA,NA,NA,NA,NA,NA,NA,NA,NA,NA,NA,NA,NA,NA,NA,NA,NA,NA,NA,NA,NA,NA,NA,NA,NA,NA,NA,NA,NA,NA,NA,NA,NA,NA,NA,NA,NA,NA,NA,NA,NA
NA,NA,NA,NA,NA,NA,NA,NA,NA,NA,NA,NA,NA,NA,NA,NA,NA,NA,NA,NA,NA,NA,NA,NA,NA,NA,NA,NA,NA,NA,NA,NA,NA,NA,NA,NA,NA,NA,NA,NA,NA,NA,NA,NA,NA,NA,NA,NA
NA,NA,NA,NA,NA,NA,NA,NA,NA,NA,NA,NA,NA,NA,NA,NA,NA,NA,NA,NA,NA,NA,NA,NA,NA,NA,NA,NA,NA,NA,NA,NA,NA,NA,NA,NA,NA,NA,NA,NA,NA,NA,NA,NA,NA,NA,NA,NA
NA,NA,NA,NA,NA,NA,NA,NA,NA,NA,NA,NA,NA,NA,NA,NA,NA,NA,NA,NA,NA,NA,NA,NA,NA,NA,NA,NA,NA,NA,NA,NA,NA,NA,NA,NA,NA,NA,NA,NA,NA,NA,NA,NA,NA,NA,NA,NA
NA,NA,NA,NA,NA,NA,NA,NA,NA,NA,NA,NA,NA,NA,NA,NA,NA,NA,NA,NA,NA,NA,NA,NA,NA,NA,NA,NA,NA,NA,NA,NA,NA,NA,NA,NA,NA,NA,NA,NA,NA,NA,NA,NA,NA,NA,NA,NA
NA,NA,NA,NA,NA,NA,NA,NA,NA,NA,NA,NA,NA,NA,NA,NA,NA,NA,NA,NA,NA,NA,NA,NA,NA,NA,NA,NA,NA,NA,NA,NA,NA,NA,NA,NA,NA,NA,NA,NA,NA,NA,NA,NA,NA,NA,NA,NA
NA,NA,NA,NA,NA,NA,NA,NA,NA,NA,NA,NA,NA,NA,NA,NA,NA,NA,NA,NA,NA,NA,NA,NA,NA,NA,NA,NA,NA,NA,NA,NA,NA,NA,NA,NA,NA,NA,NA,NA,NA,NA,NA,NA,NA,NA,NA,NA
NA,NA,NA,NA,NA,NA,NA,NA,NA,NA,NA,NA,NA,NA,NA,NA,NA,NA,NA,NA,NA,NA,NA,NA,NA,NA,NA,NA,NA,NA,NA,NA,NA,NA,NA,NA,NA,NA,NA,NA,NA,NA,NA,NA,NA,NA,NA,NA
NA,NA,NA,NA,NA,NA,NA,NA,NA,NA,NA,NA,NA,NA,NA,NA,NA,NA,NA,NA,NA,NA,NA,NA,NA,NA,NA,NA,NA,NA,NA,NA,NA,NA,NA,NA,NA,NA,NA,NA,NA,NA,NA,NA,NA,NA,NA,NA
NA,NA,NA,NA,NA,NA,NA,NA,NA,NA,NA,NA,NA,NA,NA,NA,NA,NA,NA,NA,NA,NA,NA,NA,NA,NA,NA,NA,NA,NA,NA,NA,NA,NA,NA,NA,NA,NA,NA,NA,NA,NA,NA,NA,NA,NA,NA,NA
NA,NA,NA,NA,NA,NA,NA,NA,NA,NA,NA,NA,NA,NA,NA,NA,NA,NA,NA,NA,NA,NA,NA,NA,NA,NA,NA,NA,NA,NA,NA,NA,NA,NA,NA,NA,NA,NA,NA,NA,NA,NA,NA,NA,NA,NA,NA,NA
NA,NA,NA,NA,NA,NA,NA,NA,NA,NA,NA,NA,NA,NA,NA,NA,NA,NA,NA,NA,NA,NA,NA,NA,NA,NA,NA,NA,NA,NA,NA,NA,NA,NA,NA,NA,NA,NA,NA,NA,NA,NA,NA,NA,NA,NA,NA,NA
NA,NA,NA,NA,NA,NA,NA,NA,NA,NA,NA,NA,NA,NA,NA,NA,NA,NA,NA,NA,NA,NA,NA,NA,NA,NA,NA,NA,NA,NA,NA,NA,NA,NA,NA,NA,NA,NA,NA,NA,NA,NA,NA,NA,NA,NA,NA,NA
NA,NA,NA,NA,NA,NA,NA,NA,NA,NA,NA,NA,NA,NA,NA,NA,NA,NA,NA,NA,NA,NA,NA,NA,NA,NA,NA,NA,NA,NA,NA,NA,NA,NA,NA,NA,NA,NA,NA,NA,NA,NA,NA,NA,NA,NA,NA,NA
NA,NA,NA,NA,NA,NA,NA,NA,NA,NA,NA,NA,NA,NA,NA,NA,NA,NA,NA,NA,NA,NA,NA,NA,NA,NA,NA,NA,NA,NA,NA,NA,NA,NA,NA,NA,NA,NA,NA,NA,NA,NA,NA,NA,NA,NA,NA,NA
NA,NA,NA,NA,NA,NA,NA,NA,NA,NA,NA,NA,NA,NA,NA,NA,NA,NA,NA,NA,NA,NA,NA,NA,NA,NA,NA,NA,NA,NA,NA,NA,NA,NA,NA,NA,NA,NA,NA,NA,NA,NA,NA,NA,NA,NA,NA,NA
NA,NA,NA,NA,NA,NA,NA,NA,NA,NA,NA,NA,NA,NA,NA,NA,NA,NA,NA,NA,NA,NA,NA,NA,NA,NA,NA,NA,NA,NA,NA,NA,NA,NA,NA,NA,NA,NA,NA,NA,NA,NA,NA,NA,NA,NA,NA,NA
NA,NA,NA,NA,NA,NA,NA,NA,NA,NA,NA,NA,NA,NA,NA,NA,NA,NA,NA,NA,NA,NA,NA,NA,NA,NA,NA,NA,NA,NA,NA,NA,NA,NA,NA,NA,NA,NA,NA,NA,NA,NA,NA,NA,NA,NA,NA,NA
NA,NA,NA,NA,NA,NA,NA,NA,NA,NA,NA,NA,NA,NA,NA,NA,NA,NA,NA,NA,NA,NA,NA,NA,NA,NA,NA,NA,NA,NA,NA,NA,NA,NA,NA,NA,NA,NA,NA,NA,NA,NA,NA,NA,NA,NA,NA,NA
NA,NA,NA,NA,NA,NA,NA,NA,NA,NA,NA,NA,NA,NA,NA,NA,NA,NA,NA,NA,NA,NA,NA,NA,NA,NA,NA,NA,NA,NA,NA,NA,NA,NA,NA,NA,NA,NA,NA,NA,NA,NA,NA,NA,NA,NA,NA,NA
NA,NA,NA,NA,NA,NA,NA,NA,NA,NA,NA,NA,NA,NA,NA,NA,NA,NA,NA,NA,NA,NA,NA,NA,NA,NA,NA,NA,NA,NA,NA,NA,NA,NA,NA,NA,NA,NA,NA,NA,NA,NA,NA,NA,NA,NA,NA,NA
NA,NA,NA,NA,NA,NA,NA,NA,NA,NA,NA,NA,NA,NA,NA,NA,NA,NA,NA,NA,NA,NA,NA,NA,NA,NA,NA,NA,NA,NA,NA,NA,NA,NA,NA,NA,NA,NA,NA,NA,NA,NA,NA,NA,NA,NA,NA,NA
NA,NA,NA,NA,NA,NA,NA,NA,NA,NA,NA,NA,NA,NA,NA,NA,NA,NA,NA,NA,NA,NA,NA,NA,NA,NA,NA,NA,NA,NA,NA,NA,NA,NA,NA,NA,NA,NA,NA,NA,NA,NA,NA,NA,NA,NA,NA,NA
NA,NA,NA,NA,NA,NA,NA,NA,NA,NA,NA,NA,NA,NA,NA,NA,NA,NA,NA,NA,NA,NA,NA,NA,NA,NA,NA,NA,NA,NA,NA,NA,NA,NA,NA,NA,NA,NA,NA,NA,NA,NA,NA,NA,NA,NA,NA,NA
NA,NA,NA,NA,NA,NA,NA,NA,NA,NA,NA,NA,NA,NA,NA,NA,NA,NA,NA,NA,NA,NA,NA,NA,NA,NA,NA,NA,NA,NA,NA,NA,NA,NA,NA,NA,NA,NA,NA,NA,NA,NA,NA,NA,NA,NA,NA,NA
NA,NA,NA,NA,NA,NA,NA,NA,NA,NA,NA,NA,NA,NA,NA,NA,NA,NA,NA,NA,NA,NA,NA,NA,NA,NA,NA,NA,NA,NA,NA,NA,NA,NA,NA,NA,NA,NA,NA,NA,NA,NA,NA,NA,NA,NA,NA,NA
NA,NA,NA,NA,NA,NA,NA,NA,NA,NA,NA,NA,NA,NA,NA,NA,NA,NA,NA,NA,NA,NA,NA,NA,NA,NA,NA,NA,NA,NA,NA,NA,NA,NA,NA,NA,NA,NA,NA,NA,NA,NA,NA,NA,NA,NA,NA,NA
NA,NA,NA,NA,NA,NA,NA,NA,NA,NA,NA,NA,NA,NA,NA,NA,NA,NA,NA,NA,NA,NA,NA,NA,NA,NA,NA,NA,NA,NA,NA,NA,NA,NA,NA,NA,NA,NA,NA,NA,NA,NA,NA,NA,NA,NA,NA,NA
NA,NA,NA,NA,NA,NA,NA,NA,NA,NA,NA,NA,NA,NA,NA,NA,NA,NA,NA,NA,NA,NA,NA,NA,NA,NA,NA,NA,NA,NA,NA,NA,NA,NA,NA,NA,NA,NA,NA,NA,NA,NA,NA,NA,NA,NA,NA,NA
NA,NA,NA,NA,NA,NA,NA,NA,NA,NA,NA,NA,NA,NA,NA,NA,NA,NA,NA,NA,NA,NA,NA,NA,NA,NA,NA,NA,NA,NA,NA,NA,NA,NA,NA,NA,NA,NA,NA,NA,NA,NA,NA,NA,NA,NA,NA,NA
NA,NA,NA,NA,NA,NA,NA,NA,NA,NA,NA,NA,NA,NA,NA,NA,NA,NA,NA,NA,NA,NA,NA,NA,NA,NA,NA,NA,NA,NA,NA,NA,NA,NA,NA,NA,NA,NA,NA,NA,NA,NA,NA,NA,NA,NA,NA,NA
NA,NA,NA,NA,NA,NA,NA,NA,NA,NA,NA,NA,NA,NA,NA,NA,NA,NA,NA,NA,NA,NA,NA,NA,NA,NA,NA,NA,NA,NA,NA,NA,NA,NA,NA,NA,NA,NA,NA,NA,NA,NA,NA,NA,NA,NA,NA,NA
NA,NA,NA,NA,NA,NA,NA,NA,NA,NA,NA,NA,NA,NA,NA,NA,NA,NA,NA,NA,NA,NA,NA,NA,NA,NA,NA,NA,NA,NA,NA,NA,NA,NA,NA,NA,NA,NA,NA,NA,NA,NA,NA,NA,NA,NA,NA,NA
NA,NA,NA,NA,NA,NA,NA,NA,NA,NA,NA,NA,NA,NA,NA,NA,NA,NA,NA,NA,NA,NA,NA,NA,NA,NA,NA,NA,NA,NA,NA,NA,NA,NA,NA,NA,NA,NA,NA,NA,NA,NA,NA,NA,NA,NA,NA,NA
NA,NA,NA,NA,NA,NA,NA,NA,NA,NA,NA,NA,NA,NA,NA,NA,NA,NA,NA,NA,NA,NA,NA,NA,NA,NA,NA,NA,NA,NA,NA,NA,NA,NA,NA,NA,NA,NA,NA,NA,NA,NA,NA,NA,NA,NA,NA,NA
NA,NA,NA,NA,NA,NA,NA,NA,NA,NA,NA,NA,NA,NA,NA,NA,NA,NA,NA,NA,NA,NA,NA,NA,NA,NA,NA,NA,NA,NA,NA,NA,NA,NA,NA,NA,NA,NA,NA,NA,NA,NA,NA,NA,NA,NA,NA,NA
NA,NA,NA,NA,NA,NA,NA,NA,NA,NA,NA,NA,NA,NA,NA,NA,NA,NA,NA,NA,NA,NA,NA,NA,NA,NA,NA,NA,NA,NA,NA,NA,NA,NA,NA,NA,NA,NA,NA,NA,NA,NA,NA,NA,NA,NA,NA,NA
NA,NA,NA,NA,NA,NA,NA,NA,NA,NA,NA,NA,NA,NA,NA,NA,NA,NA,NA,NA,NA,NA,NA,NA,NA,NA,NA,NA,NA,NA,NA,NA,NA,NA,NA,NA,NA,NA,NA,NA,NA,NA,NA,NA,NA,NA,NA,NA
NA,NA,NA,NA,NA,NA,NA,NA,NA,NA,NA,NA,NA,NA,NA,NA,NA,NA,NA,NA,NA,NA,NA,NA,NA,NA,NA,NA,NA,NA,NA,NA,NA,NA,NA,NA,NA,NA,NA,NA,NA,NA,NA,NA,NA,NA,NA,NA
NA,NA,NA,NA,NA,NA,NA,NA,NA,NA,NA,NA,NA,NA,NA,NA,NA,NA,NA,NA,NA,NA,NA,NA,NA,NA,NA,NA,NA,NA,NA,NA,NA,NA,NA,NA,NA,NA,NA,NA,NA,NA,NA,NA,NA,NA,NA,NA
NA,NA,NA,NA,NA,NA,NA,NA,NA,NA,NA,NA,NA,NA,NA,NA,NA,NA,NA,NA,NA,NA,NA,NA,NA,NA,NA,NA,NA,NA,NA,NA,NA,NA,NA,NA,NA,NA,NA,NA,NA,NA,NA,NA,NA,NA,NA,NA
NA,NA,NA,NA,NA,NA,NA,NA,NA,NA,NA,NA,NA,NA,NA,NA,NA,NA,NA,NA,NA,NA,NA,NA,NA,NA,NA,NA,NA,NA,NA,NA,NA,NA,NA,NA,NA,NA,NA,NA,NA,NA,NA,NA,NA,NA,NA,NA
NA,NA,NA,NA,NA,NA,NA,NA,NA,NA,NA,NA,NA,NA,NA,NA,NA,NA,NA,NA,NA,NA,NA,NA,NA,NA,NA,NA,NA,NA,NA,NA,NA,NA,NA,NA,NA,NA,NA,NA,NA,NA,NA,NA,NA,NA,NA,NA
NA,NA,NA,NA,NA,NA,NA,NA,NA,NA,NA,NA,NA,NA,NA,NA,NA,NA,NA,NA,NA,NA,NA,NA,NA,NA,NA,NA,NA,NA,NA,NA,NA,NA,NA,NA,NA,NA,NA,NA,NA,NA,NA,NA,NA,NA,NA,NA
NA,NA,NA,NA,NA,NA,NA,NA,NA,NA,NA,NA,NA,NA,NA,NA,NA,NA,NA,NA,NA,NA,NA,NA,NA,NA,NA,NA,NA,NA,NA,NA,NA,NA,NA,NA,NA,NA,NA,NA,NA,NA,NA,NA,NA,NA,NA,NA
NA,NA,NA,NA,NA,NA,NA,NA,NA,NA,NA,NA,NA,NA,NA,NA,NA,NA,NA,NA,NA,NA,NA,NA,NA,NA,NA,NA,NA,NA,NA,NA,NA,NA,NA,NA,NA,NA,NA,NA,NA,NA,NA,NA,NA,NA,NA,NA
NA,NA,NA,NA,NA,NA,NA,NA,NA,NA,NA,NA,NA,NA,NA,NA,NA,NA,NA,NA,NA,NA,NA,NA,NA,NA,NA,NA,NA,NA,NA,NA,NA,NA,NA,NA,NA,NA,NA,NA,NA,NA,NA,NA,NA,NA,NA,NA
NA,NA,NA,NA,NA,NA,NA,NA,NA,NA,NA,NA,NA,NA,NA,NA,NA,NA,NA,NA,NA,NA,NA,NA,NA,NA,NA,NA,NA,NA,NA,NA,NA,NA,NA,NA,NA,NA,NA,NA,NA,NA,NA,NA,NA,NA,NA,NA
NA,NA,NA,NA,NA,NA,NA,NA,NA,NA,NA,NA,NA,NA,NA,NA,NA,NA,NA,NA,NA,NA,NA,NA,NA,NA,NA,NA,NA,NA,NA,NA,NA,NA,NA,NA,NA,NA,NA,NA,NA,NA,NA,NA,NA,NA,NA,NA
NA,NA,NA,NA,NA,NA,NA,NA,NA,NA,NA,NA,NA,NA,NA,NA,NA,NA,NA,NA,NA,NA,NA,NA,NA,NA,NA,NA,NA,NA,NA,NA,NA,NA,NA,NA,NA,NA,NA,NA,NA,NA,NA,NA,NA,NA,NA,NA
NA,NA,NA,NA,NA,NA,NA,NA,NA,NA,NA,NA,NA,NA,NA,NA,NA,NA,NA,NA,NA,NA,NA,NA,NA,NA,NA,NA,NA,NA,NA,NA,NA,NA,NA,NA,NA,NA,NA,NA,NA,NA,NA,NA,NA,NA,NA,NA
NA,NA,NA,NA,NA,NA,NA,NA,NA,NA,NA,NA,NA,NA,NA,NA,NA,NA,NA,NA,NA,NA,NA,NA,NA,NA,NA,NA,NA,NA,NA,NA,NA,NA,NA,NA,NA,NA,NA,NA,NA,NA,NA,NA,NA,NA,NA,NA
NA,NA,NA,NA,NA,NA,NA,NA,NA,NA,NA,NA,NA,NA,NA,NA,NA,NA,NA,NA,NA,NA,NA,NA,NA,NA,NA,NA,NA,NA,NA,NA,NA,NA,NA,NA,NA,NA,NA,NA,NA,NA,NA,NA,NA,NA,NA,NA
NA,NA,NA,NA,NA,NA,NA,NA,NA,NA,NA,NA,NA,NA,NA,NA,NA,NA,NA,NA,NA,NA,NA,NA,NA,NA,NA,NA,NA,NA,NA,NA,NA,NA,NA,NA,NA,NA,NA,NA,NA,NA,NA,NA,NA,NA,NA,NA
NA,NA,NA,NA,NA,NA,NA,NA,NA,NA,NA,NA,NA,NA,NA,NA,NA,NA,NA,NA,NA,NA,NA,NA,NA,NA,NA,NA,NA,NA,NA,NA,NA,NA,NA,NA,NA,NA,NA,NA,NA,NA,NA,NA,NA,NA,NA,NA
NA,NA,NA,NA,NA,NA,NA,NA,NA,NA,NA,NA,NA,NA,NA,NA,NA,NA,NA,NA,NA,NA,NA,NA,NA,NA,NA,NA,NA,NA,NA,NA,NA,NA,NA,NA,NA,NA,NA,NA,NA,NA,NA,NA,NA,NA,NA,NA
NA,NA,NA,NA,NA,NA,NA,NA,NA,NA,NA,NA,NA,NA,NA,NA,NA,NA,NA,NA,NA,NA,NA,NA,NA,NA,NA,NA,NA,NA,NA,NA,NA,NA,NA,NA,NA,NA,NA,NA,NA,NA,NA,NA,NA,NA,NA,NA
NA,NA,NA,NA,NA,NA,NA,NA,NA,NA,NA,NA,NA,NA,NA,NA,NA,NA,NA,NA,NA,NA,NA,NA,NA,NA,NA,NA,NA,NA,NA,NA,NA,NA,NA,NA,NA,NA,NA,NA,NA,NA,NA,NA,NA,NA,NA,NA
NA,NA,NA,NA,NA,NA,NA,NA,NA,NA,NA,NA,NA,NA,NA,NA,NA,NA,NA,NA,NA,NA,NA,NA,NA,NA,NA,NA,NA,NA,NA,NA,NA,NA,NA,NA,NA,NA,NA,NA,NA,NA,NA,NA,NA,NA,NA,NA
NA,NA,NA,NA,NA,NA,NA,NA,NA,NA,NA,NA,NA,NA,NA,NA,NA,NA,NA,NA,NA,NA,NA,NA,NA,NA,NA,NA,NA,NA,NA,NA,NA,NA,NA,NA,NA,NA,NA,NA,NA,NA,NA,NA,NA,NA,NA,NA
NA,NA,NA,NA,NA,NA,NA,NA,NA,NA,NA,NA,NA,NA,NA,NA,NA,NA,NA,NA,NA,NA,NA,NA,NA,NA,NA,NA,NA,NA,NA,NA,NA,NA,NA,NA,NA,NA,NA,NA,NA,NA,NA,NA,NA,NA,NA,NA
NA,NA,NA,NA,NA,NA,NA,NA,NA,NA,NA,NA,NA,NA,NA,NA,NA,NA,NA,NA,NA,NA,NA,NA,NA,NA,NA,NA,NA,NA,NA,NA,NA,NA,NA,NA,NA,NA,NA,NA,NA,NA,NA,NA,NA,NA,NA,NA
NA,NA,NA,NA,NA,NA,NA,NA,NA,NA,NA,NA,NA,NA,NA,NA,NA,NA,NA,NA,NA,NA,NA,NA,NA,NA,NA,NA,NA,NA,NA,NA,NA,NA,NA,NA,NA,NA,NA,NA,NA,NA,NA,NA,NA,NA,NA,NA
NA,NA,NA,NA,NA,NA,NA,NA,NA,NA,NA,NA,NA,NA,NA,NA,NA,NA,NA,NA,NA,NA,NA,NA,NA,NA,NA,NA,NA,NA,NA,NA,NA,NA,NA,NA,NA,NA,NA,NA,NA,NA,NA,NA,NA,NA,NA,NA
NA,NA,NA,NA,NA,NA,NA,NA,NA,NA,NA,NA,NA,NA,NA,NA,NA,NA,NA,NA,NA,NA,NA,NA,NA,NA,NA,NA,NA,NA,NA,NA,NA,NA,NA,NA,NA,NA,NA,NA,NA,NA,NA,NA,NA,NA,NA,NA
NA,NA,NA,NA,NA,NA,NA,NA,NA,NA,NA,NA,NA,NA,NA,NA,NA,NA,NA,NA,NA,NA,NA,NA,NA,NA,NA,NA,NA,NA,NA,NA,NA,NA,NA,NA,NA,NA,NA,NA,NA,NA,NA,NA,NA,NA,NA,NA
17845.4404805191,17845.4404805246,17845.4404805228,17845.4404805219,17845.4404805213,17845.4404805228,17845.4404805223,17845.4404805219,6789.62887201411,6789.62887201411,6789.62887201358,6789.62887201371,6789.62887201379,6789.62887201358,6789.62887201365,6789.62887201371,4918.35099737126,4918.35099737126,4918.35099737126,4918.35099737126,4918.35099737126,4918.35099737126,4918.35099737126,4918.35099737126,13420.62120329,13420.62120329,13420.62120329,13420.62120329,13420.62120329,13420.6212032891,13420.6212032892,13420.6212032893,158967.267723443,158967.267723443,158967.267723171,158967.267723239,158967.267723279,158967.267723171,158967.267723209,158967.267723239,12375.8084000034,12375.808400001,12375.8084000018,12375.808400001,12375.8084000015,12375.808400001,12375.8084000013,12375.808400001
5698.02175643305,5730.7995392195,5763.93534290464,5797.43505114757,5831.30467699696,5865.55036698171,5900.17840432458,5935.19521314448,2051.85570268689,2063.04223565384,2074.34930224125,2085.77886068813,2097.3329119064,2109.01350062161,2120.82271659765,2132.76269583483,1508.91779697905,1517.57625064771,1526.32765039379,1535.17349514812,1544.11531624898,1553.15467830795,1562.29318013682,1571.53245566681,4309.00024655645,4336.21064544448,4363.73111601316,4391.56694688904,4419.72354759842,4448.20645199526,4477.02132197903,4506.17395114106,51382.0671189156,51659.8015582182,51940.5498999314,52224.3614793036,52511.2866890655,52801.3770559033,53094.6852478256,53391.2650964309,3975.92019950081,4001.07198295178,4026.51072333971,4052.24132064209,4078.26878666657,4104.59824881791,4131.23495315775,4158.18426789057
3313.69935118697,3358.2342574531,3403.50733579916,3449.53206964144,3496.32213946434,3543.89141987473,3592.25397646416,3641.42406189488,1119.55715127033,1133.53947678304,1147.7459796084,1162.18053718119,1176.84707519541,1191.74956640415,1206.89202921733,1222.27852614341,837.285928090577,848.400357883784,859.691955137472,871.163778280685,882.818924899003,894.660530843187,906.69176918735,918.915849058346,2538.06490293483,2576.24290547469,2615.09976038387,2654.64900762502,2694.90442632972,2735.88003404237,2777.59008550536,2820.04907075932,30615.0171661418,31000.8135198111,31393.0423847124,31791.8219291152,32197.2720742531,32609.514461258,33028.6724241628,33454.8709684877,2344.27938340263,2379.62899896994,2415.60849626603,2452.23047443447,2489.50775658797,2527.45338925261,2566.08064124208,2605.40300201044
683.849035178282,695.26289703663,706.883976800897,718.715708930139,730.761506871714,743.024754623337,755.508797507161,768.21693220874,217.044961976067,220.415736673371,223.848813085336,227.345233804962,230.906036327948,234.532250698443,238.224896943316,241.984982293152,164.907192842148,167.666224092017,170.4743592398,173.332407013884,176.241172104165,179.201453278899,182.214041336275,185.279716879269,485.367011685841,494.742700202583,504.304072378916,514.054779474273,523.998487611689,534.138870681557,544.479602459809,555.024347908707,5950.2879497987,6043.45100385162,6138.41569776769,6235.21391697843,6333.87746900488,6434.43801482371,6536.92699513845,6641.37554551901,448.914652676652,457.61688103669,466.492040705259,475.543552275336,484.77485146226,494.189382551329,503.790591086066,513.581915796266
593.389370376399,603.222454782779,613.215130302192,623.369445298036,633.687395430823,644.170915529606,654.82187091674,665.642048141635,177.765283545246,180.56002077371,183.405380758326,186.302144351493,189.251082171582,192.252952274134,195.308497641375,198.418443469814,136.961448894461,139.314157643515,141.70640767545,144.138775839832,146.611830365829,149.126129014458,151.68221708258,154.280625255158,438.766863543037,447.497717493582,456.386593410967,465.436219315744,474.649316734126,484.028593529004,493.576736073031,503.296400674749,5489.88789543497,5575.21693155284,5662.16187343059,5750.74961611079,5841.00686019896,5932.96004233843,6026.63526165547,6122.05819875287,406.463786835458,414.590521472551,422.865068606567,431.290005329726,439.867904411363,448.601327672276,457.492818715638,466.54489495755
530.386877770184,539.128789884896,547.999544973937,557.000364103597,566.132402303679,575.39674125612,584.79438149784,594.326234199107,152.33721455097,154.748467825968,157.202531167924,159.700016615595,162.241523511733,164.827636287565,167.458922084943,170.13592819868,118.536990370784,120.619716527283,122.735924481297,124.886047611641,127.070508510027,129.289717227481,131.544069393813,133.833944202803,374.255841053572,381.959439873076,389.797041384335,397.770791687096,405.882821528211,414.135239278976,422.530123241739,431.069513269038,4805.45915346707,4879.68232185966,4955.28430083467,5032.28667274886,5110.71075156886,5190.57752082267,5271.90756487402,5354.72099416579,347.379494811276,354.566275335909,361.878570511824,369.318411602467,376.88781750271,384.588788246879,392.423297902935,400.393286806568
483.690977602765,491.642824209946,499.702188125034,507.86977071375,516.146203230125,524.532040333015,533.027753233658,541.633722486469,134.616011314583,136.755728626258,138.932669553981,141.147329590171,143.40019033438,145.69171741059,148.022358236053,150.392539632097,105.514166095542,107.408302574192,109.3317235091,111.284766733857,113.267758475302,115.281011713235,117.324824428822,119.399477733714,347.366119647057,354.712088587493,362.181712013528,369.776978742011,377.499873502815,385.352370881803,393.336428682871,401.453980653196,4581.69170260808,4651.93829621342,4723.46672025249,4796.29599449637,4870.44481889162,4945.93151307115,5022.77394862347,5100.98947794029,323.056632448488,329.926485138455,336.912315766677,344.015999296392,351.239408299188,358.584407341311,366.05284681084,373.646556171998
447.816185737715,455.183683660214,462.643318763267,470.195459862682,477.840406359271,485.578382501834,493.409531338202,501.333908411324,121.716507550773,123.657500758297,125.631598567724,127.639213599328,129.680744037745,131.756571674462,133.867059812959,136.012551031344,95.9253969321166,97.6847747895577,99.4704065415627,101.282564488239,103.121509274101,104.987488357786,106.880734381045,108.801463431871,329.619193872821,336.615286302274,343.717554003485,350.927455419402,358.24644552986,365.675970963119,373.217464652394,380.872340024596,4420.41039405833,4487.26110450092,4555.30140950784,4624.54779643937,4695.01639139939,4766.72289823202,4839.68253582298,4913.90996900962,306.923931586449,313.485974976561,320.148285902454,326.912253454998,333.779264563131,340.750699415233,347.827926436235,355.012296835913
419.390642494037,426.317732349518,433.325523666566,440.414172679227,447.583769372583,454.834332336904,462.165803420646,469.578042138004,112.020395653651,113.81194279378,115.633471974213,117.485334949894,119.367868826085,121.281394205753,123.226213214191,125.202607392529,88.642693709227,90.30406722386,91.989434932049,93.6990231473912,95.433046907711,97.1917085426481,98.9751961483583,100.783681967493,317.182841657782,323.879168155984,330.662996927777,337.535051120068,344.496034251589,351.546625428385,358.687474246998,365.919195326424,4300.60435063003,4364.5841923482,4429.66745494109,4495.86802368115,4563.19936740686,4631.67448090317,4701.30582360209,4772.10525302105,295.582743645622,301.882094359807,308.265012187574,314.732217828007,321.284414731484,327.922284590707,334.646482488274,341.457631718736
396.369301774186,402.957507264585,409.617624910355,416.349678109449,423.153628515577,430.029371409664,436.976730895267,443.995454891552,104.574502677355,106.25068238497,107.954398237047,109.685955633063,111.445645298263,113.233741526459,115.050500309013,116.896157342581,82.9945930787529,84.5835194221638,86.194694128541,87.8283105845558,89.4845515439221,91.1635877821874,92.8655766654545,94.5906606311248,307.43511050583,313.895908229359,320.429275541419,327.035403032843,333.714454340195,340.466561759571,347.291821624111,354.19028942203,4207.89702165381,4269.46908707374,4332.07018159894,4395.71195918831,4460.40561492503,4526.16182940408,4592.99070853831,4660.90172228634,286.697103770806,292.79094074602,298.954965127394,305.189408315842,311.494477217637,317.870350035682,324.317171823848,330.835049796336
372.394322275068,378.760443681579,385.195397553552,391.699179769034,398.271723502673,404.912894340422,411.622485184943,418.400210959999,97.2210267370822,98.8213040153667,100.448252739427,102.102164882798,103.783316571885,105.491966201724,107.228352428282,108.992692030983,77.3543179139127,78.8958444067853,80.4592559732296,82.0447471134031,83.652501507344,85.2826905597029,86.9354718488665,88.6109874766694,265.857564288297,271.432320781322,277.06118932078,282.744011114026,288.480602040137,294.270749145088,300.11420699745,306.010693890863,3664.93863129355,3717.73259878027,3771.38297461513,3825.8984509601,3881.28728396229,3937.55724816924,3994.71558580972,4052.76895293188,248.055798093239,253.325639048373,258.648533522659,264.024382016107,269.453061454867,274.93442180082,280.468282496576,286.05442875727
349.343980468762,355.483985378648,361.690120511767,367.962514294798,374.301244688943,380.706334602096,387.177747088189,393.715380326184,90.5401489590823,92.0604253823697,93.6066048242757,95.1790078736498,96.7779419478402,98.4036995246386,100.056556251517,101.736768923246,72.1746738849918,73.6660065913133,75.1786854364725,76.7129360985492,78.2689770632141,79.8470183047307,81.4472598710917,83.0698903690005,261.147332848071,266.623609111069,272.14613843511,277.714533034971,283.328381068315,288.987243473212,294.690650716766,300.438099449088,3618.01242982729,3669.37847839668,3721.55492116497,3774.54910346385,3828.3679161726,3883.0177480995,3938.50443921036,3994.83322856284,243.753675499121,248.940005253283,254.172347882236,259.450388435325,264.773789060173,270.142185896124,275.555185864005,281.012363359301
333.698996163686,339.505783981885,345.367311150546,351.283598280003,357.254629314442,363.280348093105,369.360654758895,375.495402011937,86.2965708449081,87.7045349603471,89.1351004951189,90.588526195086,92.065059362266,93.5649344337194,95.0883714666664,96.6355745238322,68.8509514432219,70.2725685395099,71.7126400120922,73.1713289266889,74.6487930565974,76.1451838559511,77.6606453632371,79.195313033203,257.402425240301,262.806465381384,268.250303976559,273.733385639282,279.255133683865,284.814947257812,290.412198431079,296.046229236308,3580.39261376476,3630.51510164608,3681.40727454707,3733.07530611898,3785.52489891313,3838.76124006735,3892.78895475792,3947.61205790206,240.332849704454,245.459188471225,250.625762735173,255.832097466365,261.077696802345,266.362041204933,271.6845845469,277.0447511527
322.462246202949,327.926903937378,333.431861914055,338.976822835542,344.561454912455,350.185389187099,355.848216784868,361.549486081958,83.4678490548785,84.7641103601532,86.0787091347641,87.4117737748748,88.7634193018714,90.1337461428074,91.5228388453428,92.9307647249592,66.6079862938823,67.9615519990054,69.3299686867807,70.7132779346597,72.1115140562514,73.5247031919904,74.9528623543965,76.3959984265894,254.41413069131,259.768679349717,265.157742681272,270.580643379528,276.036686439198,281.525156524399,287.045315339447,292.596398978123,3549.91982968811,3598.94862559171,3648.710846981,3699.21164144636,3750.45567294324,3802.44707917572,3855.18942778272,3908.68566902702,237.602404192685,242.689181630093,247.811474690831,252.968689750943,258.16021525371,263.385419081267,268.643645892223,273.934214446568
313.151558232231,318.323057051599,323.523603816737,328.752708916501,334.009852466841,339.294482285878,344.606011840987,349.943818171116,81.3003118399839,82.5013924237024,83.7173404551153,84.9481905895478,86.1939635518794,87.454665126925,88.7302851070826,90.0207961958408,64.8631155520784,66.1609059241151,67.4707473500939,68.7925993499582,70.126413507208,71.4721326945464,72.8296902739209,74.1990092692662,252.065909368637,257.391394812103,262.747083390565,268.132209044484,273.545992041038,278.98763652939,284.456328128642,289.951231525153,3525.68354238166,3573.74553665149,3622.50838540951,3671.97632732899,3722.15310876574,3773.04194268411,3824.6454659677,3876.96569403459,235.457124571075,240.522773881794,245.620100675535,250.748423043411,255.90704449831,261.095251511074,266.312311056489,271.557468164005
305.448730107879,310.369299476559,315.310168144678,320.270744561088,325.25041209965,330.248527560562,335.264419673583,340.297387604313,79.7113410485817,80.8311559176882,81.9629990800622,83.1068387136811,84.2626293687325,85.4303111561994,86.6098089094834,87.8010313203312,63.550895142238,64.8037809513153,66.0665366146948,67.3390676296185,68.6212716992889,69.9130380927463,71.21424699246,72.5247688298999,233.861504909966,238.830311871121,243.824200039202,248.84239537154,253.884114928229,258.948564719082,264.034937587009,269.142411132335,3275.5558899603,3319.64936020482,3364.37006819123,3409.72122066547,3455.70555766395,3502.32531617856,3549.58219165429,3597.47729757998,218.481193950192,223.212530490483,227.970685136041,232.754961081644,237.564651209197,242.399035911288,247.257380925112,252.138935209075
299.470581620393,304.176695450875,308.89619608029,313.628452324552,318.372813408426,323.128607885517,327.895142564305,332.671701467424,78.7688865209212,79.8192975998502,80.8793601553096,81.9489950089313,83.0281101738907,84.116600221213,85.2143456327078,86.3212121400939,62.7192148835881,63.9374507878628,65.1638142939914,66.3981754222624,67.6403970246707,68.8903342687765,70.1478341197235,71.4127348206465,233.621653169775,238.616634054323,243.634179527492,248.673468967865,253.733676776803,258.81397030147,263.913507814092,269.031436549118,3276.31832661025,3319.84679062729,3363.9785490925,3408.71609809541,3454.0614592903,3500.01614611083,3546.58112609455,3593.75678193075,218.284240227264,223.044947509487,227.830268485062,232.639457122799,237.47176047316,242.326416556803,247.202652301293,252.099681523931
296.094348362628,300.623998236979,305.161287052613,309.705583674934,314.256242790679,318.8126041364,323.373991759847,327.939713313544,78.8189626274923,79.8118148097811,80.8122361663591,81.8201120077182,82.8353159385266,83.8577093842967,84.8871411127729,85.9234467515728,62.6236071553196,63.819757401613,65.0225517593152,66.2318347663769,67.4474447035086,68.6692131923894,69.8969647988716,71.1305166419791,235.061638217671,240.107065845782,245.172484103312,250.257028260447,255.359832869094,260.480029741211,265.616746004318,270.769102230842,3310.6301077352,3353.89598840387,3397.74213826124,3442.17024570146,3487.18151529456,3532.77663328413,3578.95573175221,3625.71835184008,219.700465339073,224.514901673771,229.35169092178,234.210037849754,239.089144023006,243.988205759611,248.906412144183,253.842943111623
296.339652562872,300.725249027935,305.11322453905,309.502979422385,313.893905198154,318.285384060822,322.676788381598,327.067480254887,80.3801302263215,81.3254075176744,82.2762538174,83.2325261265216,84.194071126442,85.1607248558004,86.1323123884967,87.1086475143891,63.6316225523342,64.8200910544083,66.0137505164235,67.2124241465046,68.4159301265218,69.6240813200193,70.8366849912371,72.0535425347941,239.469132023816,244.596948055361,249.741508325605,254.9019055451,260.077236740416,265.266601278203,270.469098979509,275.683828328565,3412.18490561274,3455.70341593675,3499.77750488642,3544.40777060428,3589.59430859611,3635.33667837492,3681.6338697907,3728.48426762537,223.999097420275,228.901067105929,233.822485488424,238.762504495563,243.720277338649,248.694956522957,253.685691942856,258.691629062279
301.11998144572,305.381822052794,309.640791121754,313.896357332437,318.147985904282,322.395138239449,326.637271607836,330.873838861439,84.0690819123034,84.971654885985,85.8776632753858,86.7869431759302,87.6993222100687,88.6146193483992,89.5326447382264,90.4531995372922,66.159633435041,67.3549643491012,68.553810862306,69.755977916492,70.961267206108,72.1694769957585,73.3804019521762,74.5938329893361,248.338868735855,253.58439870943,258.842039336961,264.110854249555,269.389917680647,274.678312497152,279.975128361496,285.279460003526,3627.45574749889,3671.94605942025,3716.96007984234,3762.49679694615,3808.55466837442,3855.1315898342,3902.22486396561,3949.83116751539,232.674829412656,237.704073488624,242.748500295706,247.807212881023,252.879321401584,257.963941187286,263.06019090873,268.167190857163
200.018375586105,202.691094656902,205.358693938833,208.020903634239,210.67745468524,213.328078601795,215.972507317063,218.610473059676,58.0459043078573,58.5966972619133,59.1481987702161,59.7002990978864,60.2528846042591,60.8058377101308,61.3590368691725,61.9123565439332,45.3029073041924,46.0831046859126,46.8642324065939,47.6461590854748,48.4287528871316,49.211881462991,49.9954119019983,50.7792106903348,258.884638065645,264.198336979216,269.517666417393,274.841718108657,280.169601569799,285.500442136812,290.833379130842,296.167564162395,3947.26886785756,3992.78764430854,4038.77456211754,4085.22636406046,4132.13924085972,4179.50880542801,4227.33006584012,4275.59739758162,243.211271809968,248.327653587804,253.452995004455,258.586394204293,263.726963658643,268.87382826899,274.026123601188,279.182994247552
207.985659911469,210.581877787404,213.170149947424,215.750306111101,218.322178591014,220.885602133935,223.440413781661,225.98645275271,63.2430634006352,63.7539478515104,64.2640306988783,64.7732132540136,65.2813946467356,65.7884718434724,66.2943396686495,66.7988908289997,48.8447433349388,49.6350459944594,50.4247300430322,51.2136719933507,52.0017499320288,52.7888434836153,53.5748337827482,54.3596034530842,277.945704812885,283.40800824554,288.868276363603,294.325695514823,299.779477067635,305.228855313639,310.673085519621,316.111442139768,4509.04969593463,4556.53106749696,4604.4044471977,4652.66379101473,4701.3025004257,4750.31340013292,4799.68871848547,4849.4200659111,262.085113899394,267.372465856961,272.661189543087,277.950434489139,283.239372662848,288.527196492208,293.813117034751,299.096362303721
216.444123946155,218.964761492901,221.47556531487,223.976474783164,226.467432134751,228.948382304611,231.419272778393,233.880053457522,69.2942771864966,69.7579017967922,70.2194738732668,70.6789199773438,71.1361658939393,71.5911366618263,72.0437566060355,72.493949371171,52.8748379311947,53.6741316992651,54.4713191668856,55.266301527517,56.0589834434301,56.8492729800924,57.637081547421,58.4223238459696,299.748414865674,305.340160132709,310.922212145009,316.493943393441,322.054756147295,327.604080115205,333.141370312374,338.666105087229,5242.46093113755,5291.40102381642,5340.62649851926,5390.12867560734,5439.89836603494,5489.92585616353,5540.2008980059,5590.71269364403,283.829578623551,289.271633877764,294.707131834062,300.135365090847,305.555655360967,310.967351287659,316.369826431313,321.762477430169
223.917701914317,226.377238901972,228.826245942099,231.264756364346,233.69280526817,236.110429363146,238.517666816508,240.91455712594,75.3053240973378,75.7233264278124,76.1384740442651,76.5507231570445,76.9600299679702,77.366350692449,77.7696415802533,78.1698589378116,56.771441377288,57.5789059769689,58.3831702973257,59.1841707635543,59.9818484037775,60.776148721618,61.567021575299,62.3544210617046,321.338728980337,327.037550468329,332.720765129149,338.387986036998,344.0388563512,349.673046769595,355.290253197686,360.890194612088,6061.75053701161,6111.05802611908,6160.53224943023,6210.16286851573,6259.93912330239,6309.84982773445,6359.88336263387,6410.02767130742,305.466401497223,311.037539143632,316.595643511281,322.140218234929,327.670798831148,333.186950255278,338.6882646401,344.1743592395
229.871419642243,232.29314869952,234.704605583006,237.105887532429,239.497091860064,241.878315809433,244.24965643591,246.611210498558,80.6803677278132,81.0648635393267,81.4460898740536,81.8240268062034,82.1986546737519,82.5699540875196,82.9379059403075,83.3024914171645,60.1644481587935,60.9822974822803,61.7963926923429,62.6067042574819,63.4132074716122,64.2158822701963,65.0147130545686,65.8096885227547,340.64982905881,346.44833564064,352.227973090202,357.988587858876,363.730052511911,369.452263096033,375.155136734323,380.838609432584,6850.86885824882,6899.72103007742,6948.63758169534,6997.60763671643,7046.61999316134,7095.66312123738,7144.72516368014,7193.79393298319,324.826027195993,330.51163667354,336.180304113674,341.831755247861,347.465745866005,353.082059193481,358.680503466054,364.260909725343
234.661965661826,237.069072405919,239.466675947442,241.854908980732,244.233902607362,246.603786240027,248.964687523171,251.316732260786,85.4057231734968,85.7724015083544,86.1355942064503,86.4952966181296,86.8515044251936,87.2042136423603,87.5534206198502,87.8991220456136,63.082016560072,63.9152981036921,64.744712507831,65.5702554668109,66.3919271415726,67.2097319443925,68.0236783344138,68.8337786218034,356.389210059505,362.281325981067,368.153771440028,374.006577059991,379.839793090402,385.653486846278,391.44774039095,397.222648427356,7518.88128316024,7567.10026750395,7615.31078340804,7663.5020390537,7711.66298922751,7759.78233422017,7807.84852376386,7855.84975816681,340.577345790282,346.36451389844,352.133371366945,357.883830686618,363.615829325946,369.329327073392,375.024303614125,380.700756311303
